subject_id,session_id,cjv,cnr,efc,fber,fwhm_avg,fwhm_x,fwhm_y,fwhm_z,icvs_csf,icvs_gm,icvs_wm,inu_med,inu_range,qi_1,qi_2,rpve_csf,rpve_gm,rpve_wm,size_x,size_y,size_z,snr_csf,snr_gm,snr_total,snr_wm,snrd_csf,snrd_gm,snrd_total,snrd_wm,spacing_x,spacing_y,spacing_z,summary_bg_k,summary_bg_mad,summary_bg_mean,summary_bg_median,summary_bg_n,summary_bg_p05,summary_bg_p95,summary_bg_stdv,summary_csf_k,summary_csf_mad,summary_csf_mean,summary_csf_median,summary_csf_n,summary_csf_p05,summary_csf_p95,summary_csf_stdv,summary_gm_k,summary_gm_mad,summary_gm_mean,summary_gm_median,summary_gm_n,summary_gm_p05,summary_gm_p95,summary_gm_stdv,summary_wm_k,summary_wm_mad,summary_wm_mean,summary_wm_median,summary_wm_n,summary_wm_p05,summary_wm_p95,summary_wm_stdv,tpm_overlap_csf,tpm_overlap_gm,tpm_overlap_wm,wm2max
001,ControlPre,0.2919847893289253,4.403354536269154,0.6448894446524743,50.46220779418945,3.5544466666666668,3.5288,3.76836,3.36618,0.18243266312257223,0.48570690250525644,0.33186043437217133,1.737154245376587,0.308329504728317,0.0,0.00041375304396148527,25.496189830390218,11.130915774728104,18.37446597539604,180,256,256,2.2085307481204524,10.032784056088355,8.827679996973332,14.24172518671119,9.721671136461845,23.51034278809644,24.37658720165744,39.897747680414035,1.0,1.0,1.0,1.9088351055497172,16.42047119140625,61.409061431884766,59.297794342041016,2715533.0,36.642669677734375,93.68360443115235,17.91254425048828,0.6261596776305836,119.56925964355469,258.0820617675781,243.6659393310547,8669.0,105.44785919189454,445.8624328613281,110.32306671142578,0.08226416420373761,57.3530158996582,587.755126953125,589.2680053710938,44207.0,488.5380035400391,682.3504150390625,58.73358154296875,0.4809474086583303,62.576011657714844,991.056396484375,1000.0052490234375,179094.0,859.5922668457031,1091.549609375,70.21638488769531,0.21211162209510803,0.5316020846366882,0.5210331082344055,0.559928055372171
002,ControlPre,0.3079055244752297,4.211956746615294,0.600190671340372,82.5101089477539,3.9742433333333334,3.76495,4.20098,3.9568,0.21255575404803118,0.4468553892889467,0.3405888566630222,1.0878535509109497,0.3329602390527726,0.0,0.000773922181914409,21.07737863096012,10.916126168827558,16.9321441847481,180,256,256,2.311606961901501,9.954209012365656,10.255315555117683,18.500130691085893,10.634591928066468,24.15443136482654,24.21482001363199,37.85543674800295,1.0,1.0,1.0,1.49787509574276,17.306617736816406,56.893802642822266,54.150733947753906,2839324.0,31.81832427978516,91.55409774780276,18.795127868652344,-0.30796533981518603,141.1809844970703,288.9930419921875,280.93206787109375,16895.0,109.72936477661133,487.6003814697266,121.52747344970703,0.2612708731751905,61.48274612426758,639.1170654296875,638.0831909179688,41433.0,535.3977661132812,746.6407104492188,64.10107421875,0.6919136207811367,49.95964050292969,1000.5260009765625,1000.0201416015625,213097.0,912.1567626953125,1089.0669921875,54.05463409423828,0.21813024580478668,0.5326378345489502,0.5628867149353027,0.6340922461881986
005,ExercisePre,0.3109775297599153,4.060897078301772,0.6275616199893161,53.081050872802734,4.119646666666667,3.87569,4.34012,4.14313,0.21994285041441,0.43340286434169323,0.34665428524389674,1.3858799934387207,0.33494729995727535,0.00026123365593892626,0.0006252855071692335,20.05086385554177,10.76854435985026,16.17173126907776,180,256,256,2.3847117264860134,9.662482587765522,9.273038493151349,15.771921165202514,7.708504264961491,18.849939478990816,19.1205727053781,30.803274372181992,1.0,1.0,1.0,7.997107121111377,21.268693923950195,69.39460754394531,61.049007415771484,2641383.0,35.77230377197266,133.87490692138672,33.17574691772461,-0.029572520110460854,113.32952117919922,260.4688720703125,250.25296020507812,25306.0,108.31736946105957,441.52423095703125,104.9384765625,0.02765670587699587,62.767311096191406,611.0219116210938,611.9544067382812,32210.0,504.86204528808594,714.1699371337891,63.33205795288086,0.7010806436462329,57.910438537597656,999.46630859375,1000.0137939453125,222107.0,891.8879272460937,1101.4390380859375,63.40454864501953,0.22168435156345367,0.5236702561378479,0.56402587890625,0.5097489927081311
008,ControlPre,0.3324987535459469,3.8050758169445893,0.6176265227041637,66.80757904052734,4.080743333333333,3.83667,4.29598,4.10958,0.2131268249349136,0.4364072287120541,0.3504659463530323,1.083238124847412,0.39807548224926004,0.0,0.0006307861155423974,23.55017827286828,12.143958650898675,17.650132627194683,180,256,256,2.657015059492863,10.138243844442123,9.534402000675842,15.807947098092539,10.241192312164435,21.16399860031323,21.4059135643593,32.812549780600236,1.0,1.0,1.0,4.85485162308115,19.96648406982422,66.56134796142578,61.55760955810547,3176428.0,36.374216651916505,114.5195457458496,25.598512649536133,0.09661415739572199,127.89640808105469,319.3908996582031,312.119140625,21674.0,144.73486938476563,515.9854248046875,117.46713256835938,0.24649208956905078,60.888492584228516,646.134765625,645.01171875,29605.0,542.1775756835938,753.3183959960938,63.620567321777344,0.8889838284314386,57.152217864990234,1002.2200317382812,1000.022705078125,192981.0,901.1056518554688,1109.0938720703125,63.26059341430664,0.20938898622989655,0.5231320261955261,0.5606870651245117,0.656777347636315
008,ExercisePre,0.3324987535459469,3.8050758169445893,0.6176265227041637,66.80757904052734,4.080743333333333,3.83667,4.29598,4.10958,0.2131268249349136,0.4364072287120541,0.3504659463530323,1.083238124847412,0.39807548224926004,0.0,0.0006307861155423974,23.55017827286828,12.143958650898675,17.650132627194683,180,256,256,2.657015059492863,10.138243844442123,9.534402000675842,15.807947098092539,10.241192312164435,21.16399860031323,21.4059135643593,32.812549780600236,1.0,1.0,1.0,4.85485162308115,19.96648406982422,66.56134796142578,61.55760955810547,3176428.0,36.374216651916505,114.5195457458496,25.598512649536133,0.09661415739572199,127.89640808105469,319.3908996582031,312.119140625,21674.0,144.73486938476563,515.9854248046875,117.46713256835938,0.24649208956905078,60.888492584228516,646.134765625,645.01171875,29605.0,542.1775756835938,753.3183959960938,63.620567321777344,0.8889838284314386,57.152217864990234,1002.2200317382812,1000.022705078125,192981.0,901.1056518554688,1109.0938720703125,63.26059341430664,0.20938898622989655,0.5231320261955261,0.5606870651245117,0.656777347636315
009,ControlPre,0.3003496779500642,4.145767963813645,0.59546996101936,95.78917694091797,3.9080833333333334,3.78913,4.06827,3.86685,0.1904469506555089,0.4749147260524582,0.3346383232920329,0.8567721843719482,0.3194250464439392,0.0,0.0005330136519021189,25.711449640303577,11.77002130351584,18.680322221548845,180,256,256,2.38307896868315,10.640416721025712,10.058387400791954,17.151666512667,13.718371624329741,29.318006236628435,29.48549432776691,45.42010512234256,1.0,1.0,1.0,1.35698488820882,14.424042701721191,52.061981201171875,50.60347366333008,2789638.0,30.34277477264404,78.90956916809081,15.268516540527344,0.060309513207471355,138.7420654296875,312.7716979980469,302.035400390625,15418.0,128.53237686157226,526.9536529541015,126.73755645751953,0.3165577758136586,57.84664535522461,647.39892578125,645.4902954101562,50331.0,551.0151672363281,751.3914794921875,60.66340255737305,0.8033812174011796,48.63259506225586,993.0557250976562,1000.0078735351562,188259.0,877.8737670898437,1075.886181640625,58.30367660522461,0.21534916758537292,0.5391786694526672,0.5492941737174988,0.6443694825676778
009,ExercisePre,0.3003496779500642,4.145767963813645,0.59546996101936,95.78917694091797,3.9080833333333334,3.78913,4.06827,3.86685,0.1904469506555089,0.4749147260524582,0.3346383232920329,0.8567721843719482,0.3194250464439392,0.0,0.0005330136519021189,25.711449640303577,11.77002130351584,18.680322221548845,180,256,256,2.38307896868315,10.640416721025712,10.058387400791954,17.151666512667,13.718371624329741,29.318006236628435,29.48549432776691,45.42010512234256,1.0,1.0,1.0,1.35698488820882,14.424042701721191,52.061981201171875,50.60347366333008,2789638.0,30.34277477264404,78.90956916809081,15.268516540527344,0.060309513207471355,138.7420654296875,312.7716979980469,302.035400390625,15418.0,128.53237686157226,526.9536529541015,126.73755645751953,0.3165577758136586,57.84664535522461,647.39892578125,645.4902954101562,50331.0,551.0151672363281,751.3914794921875,60.66340255737305,0.8033812174011796,48.63259506225586,993.0557250976562,1000.0078735351562,188259.0,877.8737670898437,1075.886181640625,58.30367660522461,0.21534916758537292,0.5391786694526672,0.5492941737174988,0.6443694825676778
010,ControlPre,0.2916830062545831,4.334370341628646,0.5949722752549861,74.21919250488281,3.89507,3.72487,4.21227,3.74807,0.19500925237424657,0.4768534537621267,0.3281372938636268,1.046762228012085,0.3684720635414125,0.0,0.0005267087366391189,27.755968484221956,12.878761196228476,20.697192154424442,180,256,256,2.2083406042470894,10.4911872775184,9.76669776880867,16.600565424660523,10.811105970612077,23.652835814205964,24.11723872853891,37.88777440079869,1.0,1.0,1.0,1.455133332710882,17.29183578491211,59.58869552612305,57.554264068603516,2890487.0,33.89585151672364,92.61598052978515,18.55511474609375,1.4775179517516008,128.6802978515625,300.0755615234375,285.35107421875,10342.0,117.98013877868654,523.513037109375,129.2089080810547,0.3565522313272873,56.835227966308594,626.299072265625,624.2989501953125,34707.0,532.217694091797,727.8934143066406,59.50613021850586,1.6625612812214934,52.756080627441406,999.5112915039062,1000.01953125,155508.0,899.0478088378907,1094.6364013671875,60.23989486694336,0.2029138207435608,0.5355764627456665,0.5373735427856445,0.6639964850528183
010,ExercisePre,0.294508595967264,4.34733278751667,0.6006259940135095,71.59132385253906,3.892146666666667,3.76038,4.17034,3.74572,0.20053494278170247,0.46967696232020406,0.32978809489809346,1.0863101482391357,0.39585917592048636,0.0,0.0005486267886677623,27.236307180947016,13.124681925224486,21.223621357148808,180,256,256,2.2531326059388803,10.319131277181839,9.906636160094658,17.147644597163254,10.91321882163503,24.37472283153811,24.742220865499988,38.93872094332682,1.0,1.0,1.0,1.1050510053820393,16.824932098388672,59.197872161865234,57.16649627685547,2947596.0,34.2945671081543,91.43732452392578,17.929868698120117,-0.029382375473565148,134.855712890625,292.4664001464844,280.26861572265625,8944.0,111.3714973449707,505.40397644042974,124.3836898803711,0.22288162231693542,57.84809112548828,627.1498413085938,625.981201171875,29056.0,529.1339416503906,730.3463134765625,60.661155700683594,1.4246900065488726,52.30588912963867,998.090576171875,1000.007568359375,153699.0,898.3248046875,1087.7540527343751,58.317298889160156,0.2034771740436554,0.5275136828422546,0.5352588295936584,0.6838831743426766
012,ControlPre,0.38921056057479997,3.307744536994336,0.6241919887710484,68.98210906982422,4.022476666666666,3.78949,4.23091,4.04703,0.21419742995093366,0.44323862374341666,0.3425639463056497,1.2325478792190552,0.4094424009323119,0.0,0.0008282269361917365,22.82927810332001,11.635693469918595,17.116183531766353,180,256,256,2.8369287572772923,10.493379279933539,9.002798995301559,13.678088948693842,10.258478283548978,20.264027888496564,20.313338831992535,30.417510323932063,1.0,1.0,1.0,3.4666177450806774,21.53864288330078,68.47086334228516,61.838287353515625,2494932.0,35.925848197937015,125.1692371368408,28.434980392456055,0.17300674055742427,123.60928344726562,337.665283203125,337.263671875,20288.0,147.0614311218262,527.8788818359372,118.88044738769531,0.23325949821669223,61.47722625732422,667.3961791992188,666.2119140625,32207.0,565.2365173339844,775.0438537597655,63.48780059814453,0.8553126044935433,68.44583892822266,1005.130615234375,1000.023681640625,190564.0,894.1578247070313,1133.050634765625,73.11116790771484,0.19148726761341095,0.5133432149887085,0.5348528027534485,0.5379079381420895
012,ExercisePre,0.2724223350553349,4.732856686791631,0.5814632882187206,109.86537170410156,3.8503899999999995,3.73128,4.0923,3.72759,0.20424798739028957,0.4615979580131284,0.33415405459658204,0.9766010046005249,0.2818305402994158,0.0,0.001469807622817368,22.98211678975719,11.46497929494085,18.59329210328777,180,256,256,2.8374204250877995,10.558357416202186,11.513304140286566,21.144134579569716,16.306600017442243,30.37949599977327,31.590468481187298,48.08530942634638,1.0,1.0,1.0,2.5211495849368886,13.624549865722656,49.83246994018555,47.8104362487793,2875368.0,29.280004215240478,77.29500312805175,15.352051734924316,3.583556132836649,125.9216079711914,329.7804870605469,339.120361328125,12634.0,131.0475196838379,504.0231781005858,119.51240539550781,0.23705210101340235,57.537391662597656,633.0274047851562,631.7874755859375,45234.0,534.9226684570312,733.9165710449219,59.837005615234375,0.8641903240028377,42.773719787597656,998.148193359375,1000.006591796875,185868.0,916.2882507324218,1072.1559143066406,47.29462432861328,0.20519588887691498,0.5318025350570679,0.5410726070404053,0.6032618308371216
014,ControlPre,0.2722076737141064,4.645146122379485,0.5649756877944814,95.2838363647461,3.7958233333333333,3.67904,4.02479,3.68364,0.2022370744764943,0.46321691430403267,0.334546011219473,1.1219723224639893,0.327939224243164,0.0,0.0007390411446331779,29.33756889045947,14.298433842278271,22.868661810451588,180,256,256,2.4537864862974565,10.394378603925764,10.556051648786491,18.819989856136253,13.756204772938155,31.012774027308833,31.52598952112382,49.80898976312447,1.0,1.0,1.0,0.9445973236201719,13.153180122375488,49.8298454284668,48.599735260009766,2936683.0,30.064423179626466,73.98093795776366,13.726670265197754,-0.07861302309525486,126.40147399902344,281.444091796875,276.1834716796875,8122.0,111.48371505737305,465.75429687499997,112.54706573486328,0.2355882602283863,57.830718994140625,623.3633422851562,622.643798828125,29727.0,525.7082946777343,724.4738586425781,59.90096664428711,1.4170340838813429,44.89278793334961,996.3038940429688,1000.015625,142606.0,899.0380554199219,1075.140380859375,53.13563537597656,0.2217210829257965,0.5399011373519897,0.5500774383544922,0.6167959566872456
014,ExercisePre,0.26459356205142853,4.753817046907553,0.5666938650827731,102.44223022460938,3.8352766666666667,3.71191,4.01543,3.77849,0.19458937313410582,0.4728804133488044,0.33253021351708983,1.1470003128051758,0.3131332993507385,0.0,0.0005613989548261594,30.128007657610137,14.172842963794595,22.83359718352095,180,256,256,2.464562111453183,10.671629730475182,10.557492868263026,18.536286762860712,14.08377792580835,31.548866978823945,32.21658540514742,51.017111310809966,1.0,1.0,1.0,0.73251550119629,12.841580390930176,50.010013580322266,48.9879264831543,3012501.0,30.592838287353516,73.11499786376953,13.246988296508789,0.40638290638274777,122.57891845703125,282.5616760253906,276.0615539550781,8768.0,117.33593673706055,465.72814178466797,112.00602722167969,0.41049977785764913,55.709022521972656,619.580810546875,618.4014892578125,33768.0,527.7219879150391,717.9418487548828,57.94731903076172,1.4461784159918771,45.261085510253906,994.5759887695312,1000.0060424804688,143676.0,892.3433685302734,1071.5409240722656,53.9483757019043,0.221213698387146,0.5406021475791931,0.5441676378250122,0.5998018771187853
017,ControlPre,0.266335712324565,4.31804083399006,0.589942853769926,108.29917907714844,3.83091,3.58979,4.15283,3.75011,0.19813602692354929,0.466639289098557,0.3352246839778937,0.9931334257125854,0.3183633357286455,0.0,0.0006820328643303327,22.37687695166574,10.689375078981037,17.123576995498176,180,256,256,2.3816590606189902,10.386326755768625,8.99236053552906,14.209095790199566,14.350519278665631,29.61852002942689,31.06019152598724,49.2115352698692,1.0,1.0,1.0,1.0332292745151985,13.312738418579102,47.264923095703125,46.012290954589844,2777299.0,27.510950660705564,71.43453521728516,13.809713363647461,-0.26295680117931974,146.07156372070312,289.8341064453125,291.610595703125,12737.0,111.39846343994141,485.38677978515625,122.435302734375,0.04547241649651568,57.58919906616211,602.7405395507812,601.8649291992188,41121.0,508.4110412597656,698.8953857421875,57.94710922241211,1.5023165719867944,48.449981689453125,986.1085205078125,1000.0059814453125,192486.0,831.1702423095703,1074.0186767578125,70.37769317626953,0.19485361874103546,0.5110290050506592,0.5083010792732239,0.614719678166579
017,ExercisePre,0.2693994115969149,4.777413824034297,0.5900842108689666,105.775634765625,3.7758300000000005,3.4956,4.09205,3.73984,0.17748179444708526,0.48423823841681224,0.33827996713610253,0.9885095357894897,0.3478137254714966,0.0,0.0006959910199092297,24.542969774954713,10.482949744379466,16.787952730152174,180,256,256,2.0827501238173336,9.894369971948361,10.373536759959402,19.143490184112512,12.237819996032304,29.90119649563193,30.416442676853553,49.11031153889643,1.0,1.0,1.0,0.6467746316604561,13.340219497680664,48.207393646240234,47.05032730102539,2600335.0,28.32278747558594,72.26354904174804,13.709546089172363,3.006247309391937,120.60350036621094,270.8099060058594,249.1927032470703,13237.0,110.13466339111329,481.83045043945305,119.64147186279297,0.16378258702875925,60.13751220703125,610.1122436523438,608.8633422851562,49168.0,510.8986480712891,713.7062072753906,61.53571701049805,1.1551804587890278,45.23692321777344,996.456298828125,1000.0090942382812,194259.0,900.2196350097656,1074.0316162109375,52.23741912841797,0.20185938477516174,0.5209564566612244,0.5113101005554199,0.6152888774538439
018,ControlPre,0.2901724577363984,4.43143804449505,0.5646150408085469,125.7272720336914,4.0383000000000004,3.71334,4.42163,3.97993,0.1865994920666842,0.4726011602592309,0.34079934767408493,0.7300113439559937,0.25987269878387453,0.0,0.0034592146993817777,28.451770567505164,12.999137393542966,20.526039897612236,180,256,256,2.493083973290392,10.577755358031482,11.167520705593972,20.431722785460043,16.88435940048112,32.1798454076026,32.92411612905376,49.70814357907755,1.0,1.0,1.0,1.032512214567081,13.179736137390137,47.19697952270508,46.035797119140625,2698428.0,27.148850440979004,71.4215606689453,13.816766738891602,0.9268419019476082,147.58303833007812,350.24127197265625,339.671875,15049.0,162.28333740234376,572.7204589843745,136.2411346435547,0.27582140268471056,58.24163818359375,649.517822265625,647.3795166015625,49071.0,552.38720703125,755.0038146972656,61.201351165771484,0.7235471603175254,44.080814361572266,997.5245361328125,1000.005859375,174651.0,909.8424377441406,1072.8368530273438,48.94364547729492,0.19884416460990906,0.5327592492103577,0.5413821339607239,0.7289432302592639
018,ExercisePre,0.3094352285603724,4.159010863900912,0.5814633592205587,96.35266876220703,4.048233333333333,3.70177,4.49117,3.95176,0.2060129750338058,0.45402605660558515,0.3399609683606091,0.8476404547691345,0.28940606713295003,0.0,0.0028658824256086253,26.05318670254473,13.158283358787614,20.595870507085706,180,256,256,2.4946806154300094,10.581438831164235,10.7669427599646,19.224708833299555,15.420286911528516,29.92237733598004,30.2931170825253,45.536687000067346,1.0,1.0,1.0,1.5107371001007603,14.387215614318848,53.664276123046875,52.454933166503906,2908113.0,31.65931053161621,80.14055175781249,15.343666076660156,0.5496045925400987,143.46372985839844,346.5785217285156,338.639404296875,12543.0,145.96975860595705,572.8198181152343,135.7391815185547,0.1808590598780775,59.578369140625,658.5513916015625,657.1146240234375,40786.0,558.6318359375,763.9722290039062,62.09992599487305,0.9355010997308311,46.52705383300781,999.97900390625,1000.014892578125,173652.0,913.3709136962891,1084.1567932128905,52.01701736450195,0.20381298661231995,0.5278275609016418,0.543171226978302,0.7406558452195066
019,ControlPre,0.3359341123705777,3.6768672321173326,0.6133562627192375,61.76721954345703,4.051713333333333,3.90332,4.18085,4.07097,0.21515369032435425,0.44400024845035957,0.34084606122528616,1.1331738233566284,0.3612121343612671,0.0,0.0007174576911281416,25.099710526824012,12.965197741626836,19.522876078462748,180,256,256,2.2160354381570544,10.135212660068671,9.079468976995036,14.887158832759386,7.672607145543887,18.740679116198347,18.5531108962491,29.246046427005066,1.0,1.0,1.0,5.768125780284288,22.401409149169922,72.31745910644531,64.70606231689453,2886801.0,37.50921630859375,135.3386688232422,32.16948318481445,0.07207915901372086,120.94644165039062,277.5545349121094,262.35333251953125,16350.0,109.8349594116211,490.79002532958987,118.38497924804688,0.11704122363439984,61.523921966552734,640.2453002929688,640.8095092773438,23755.0,536.0684631347656,744.8353576660156,63.22472381591797,1.4370874996778245,59.14876174926758,1003.3428344726562,1000.0248413085938,169036.0,898.6393585205078,1117.5265502929688,67.17345428466797,0.22100543975830078,0.52545565366745,0.5605771541595459,0.6441386214044443
019,ExercisePre,0.3349237136979798,3.80330620303583,0.6092073090201912,62.415802001953125,4.0116233333333335,3.90294,4.14316,3.98877,0.222110804101084,0.44012466691654933,0.33776452898236664,1.2773739099502563,0.36435792446136483,0.0,0.000671408356266929,24.35228131696052,12.905867704280155,19.40578542937491,180,256,256,2.428279951674083,10.131253251196553,8.89982801895934,14.139950854007385,10.438644909723559,23.419817670455082,23.609415728456565,36.969784605191045,1.0,1.0,1.0,1.794461262483468,17.72134780883789,66.57316589355469,64.48492431640625,3088568.0,39.75108413696289,100.81667137145995,19.38036346435547,-0.19805453114443283,125.87403106689453,289.63726806640625,282.3638916015625,15552.0,113.08110694885255,486.949087524414,116.27770233154297,0.1387881745314825,61.032920837402344,632.572021484375,633.5028076171875,25456.0,528.8382415771484,733.6737976074219,62.5283317565918,1.8851792857341216,61.72489929199219,1002.9365234375,1000.0275268554688,170416.0,892.2814025878906,1121.0283203125,70.72334289550781,0.21613501012325287,0.5216102600097656,0.5647225975990295,0.6497572389052793
020,ControlPre,0.24972415046729027,4.995332472478641,0.5677361144951352,105.6996841430664,3.69961,3.54661,3.93786,3.61436,0.15913476829332704,0.5134462169510722,0.3274190147556008,1.092482566833496,0.3259128987789155,0.0,0.000664616122816759,33.83828015202629,12.63328756991934,20.860744915287423,180,256,256,2.036789829884126,10.98047721776065,9.748623196090946,16.228602540628064,12.713122985590102,28.790904278370643,30.186048127108283,49.05411711736411,1.0,1.0,1.0,0.6777492595987575,13.355525970458984,50.75455093383789,49.82073211669922,3063004.0,30.72521238327026,74.2076587677002,13.571340560913086,0.05535881155114408,146.01426696777344,277.17547607421875,259.1680908203125,9087.0,106.7512435913086,493.797619628906,127.23641204833984,0.3324827085060762,51.15375900268555,588.77880859375,586.9276733398438,55555.0,503.5295989990234,679.2027770996094,53.451446533203125,0.5951047237539102,52.00310516357422,990.2911987304688,1000.0109252929688,155478.0,869.1825225830078,1076.2530151367187,61.62007522583008,0.21521104872226715,0.5511982440948486,0.5416935086250305,0.6261076928400167
020,ExercisePre,0.2538738412334193,5.021967969709653,0.5713787310774954,99.83003234863281,3.667683333333333,3.60272,3.8528,3.54753,0.15945845176986767,0.5116810152157788,0.3288605330143535,1.1044912338256836,0.34009801745414725,0.0,0.0006213054873516128,34.39913274107803,12.938781017917453,21.41644679622578,180,256,256,2.0856520425772396,10.678088370960129,10.352172184574313,18.292776140185566,12.73418929952114,29.8865217183013,30.800249639885383,49.78003790183371,1.0,1.0,1.0,0.6631698193831022,13.160776138305664,50.68353271484375,49.81511688232422,2600496.0,30.59009885787964,74.0329532623291,13.520787239074707,4.407007400418474,132.6105499267578,275.61431884765625,255.81210327148438,8045.0,108.85134735107422,478.52994384765617,122.64567565917969,0.42172640851930643,53.31341552734375,602.5692138671875,600.3785400390625,50279.0,514.3632690429688,698.9183898925781,56.22472381591797,0.8852708836471943,48.142948150634766,994.5484008789062,1000.0115356445312,149419.0,892.7666015625,1074.5420043945312,54.66683578491211,0.21720130741596222,0.5525786876678467,0.5414729714393616,0.6161788136626166
022,ControlPre,0.29038598554782885,4.351738420509524,0.5996037632297861,81.29347229003906,3.85759,3.79442,4.05932,3.71903,0.21228864452202484,0.4562967098385878,0.3314146456393874,1.209787368774414,0.3207189321517945,0.0,0.0006915750988185449,26.812571721757376,13.613594262155997,21.542453670951204,180,256,256,2.8307251120944175,10.572644794521809,11.081608775099753,19.84145641868303,14.509922666705357,31.91937121200417,31.867582995180797,49.17345510683287,1.0,1.0,1.0,0.8674862205646927,13.323065757751465,53.508426666259766,52.53120803833008,3084008.0,33.13413581848145,77.5336009979248,13.849737167358398,0.5659689806473174,102.39579010009766,309.6902770996094,295.0784912109375,18471.0,161.04680633544922,495.1830291748047,104.23848724365234,0.16599631645930435,59.391685485839844,650.6831665039062,649.1226806640625,29849.0,551.6877563476563,754.8654663085936,61.39540481567383,1.1227244812438677,42.50029754638672,993.639404296875,1000.00732421875,156806.0,895.7222595214844,1064.2211303710938,50.39973449707031,0.2201777994632721,0.5344631671905518,0.546205461025238,0.5950146479178489
023,ControlPre,0.2780051535577345,4.388482124988936,0.5789360024920038,99.89046478271484,4.0087,3.99685,4.14073,3.88852,0.20388261103848623,0.4570302415739375,0.3390871473875763,1.0001320838928223,0.3224980443716049,0.0,0.002692653296622002,24.024768858248134,11.861617373776197,18.619335044868176,180,256,256,2.9854053000176655,11.103447693039852,10.075066985890652,16.136347964614444,15.415763852972216,28.98704532196747,30.23188487295206,46.2928454439165,1.0,1.0,1.0,2.298505735024757,14.152029991149902,50.98088836669922,49.24546813964844,2977954.0,29.856753635406495,77.96519737243652,15.355896949768066,-0.28429477356318733,122.42449951171875,328.7079772949219,333.0060119628906,14437.0,146.6485107421875,500.12712402343726,111.5407943725586,0.31309814586487716,53.958885192871094,626.2444458007812,626.1681518554688,42395.0,533.3002075195313,718.2019775390625,56.39336395263672,0.8568130591292751,49.9688720703125,989.9609985351562,1000.0020751953125,188235.0,865.6685668945313,1074.1946533203125,61.97185516357422,0.19970948994159698,0.5310162901878357,0.545877993106842,0.5791180014013753
023,ExercisePre,0.3267451842579852,3.828012914471337,0.6067886115038116,83.96290588378906,4.2032066666666665,4.14975,4.2988,4.16107,0.20784030519538949,0.4468774790494629,0.34528221575514767,1.101635217666626,0.37921770513057695,0.00012816164379565758,0.0007718482357756324,24.440468851547756,12.196139806706636,18.0696340654083,180,256,256,3.2557411159259373,11.458982914990353,10.408102622640484,16.509583837005163,13.795992173371515,25.07849671836493,25.631622194785024,38.02037769261863,1.0,1.0,1.0,16.28125674450957,17.231569290161133,61.76039505004883,54.255027770996094,2992978.0,32.924631881713864,117.72068443298335,30.412818908691406,-0.11203241448266965,116.22804260253906,358.3309326171875,362.8658142089844,24222.0,173.96062698364258,531.2387573242188,111.45183563232422,0.36057050722385364,55.19824981689453,660.7202758789062,659.6212158203125,41206.0,567.5628204345703,756.7674865722656,57.56298065185547,0.5971349815884812,56.026058197021484,1000.342041015625,1000.02197265625,192168.0,899.5626007080078,1100.0161865234377,60.572052001953125,0.19666606187820435,0.5211575627326965,0.5409469604492188,0.5358867839629546
024,ControlPre,0.2782733616495611,4.62258108180231,0.5787106863163134,87.0611572265625,4.068133333333333,3.89879,4.1989,4.10671,0.19597097098232344,0.4709712739520816,0.33305775506559493,1.0685499906539917,0.3532015323638915,0.0,0.0008076463259202087,25.588258464339482,12.164901261622134,19.669781356182597,180,256,256,2.4950839677355154,10.428997626785982,10.421408065888514,18.340142603144045,12.821834989349465,26.252123958656853,27.153317701020836,42.38599415505619,1.0,1.0,1.0,1.888413160709426,15.456534385681152,55.515342712402344,53.698917388916016,3099615.0,32.48454399108887,84.93394622802727,16.75379180908203,-0.09845832906184837,137.41566467285156,302.71466064453125,302.5036315917969,10609.0,115.03782653808594,493.1301147460938,121.23414611816406,0.3056509299741186,56.37852096557617,621.7737426757812,619.3624267578125,39223.0,527.8537109375,724.74013671875,59.387733459472656,0.7814409546881325,49.544559478759766,999.2518920898438,1000.0064086914062,176729.0,906.9926635742188,1086.3060791015625,54.52539825439453,0.20403006672859192,0.5331375002861023,0.545097827911377,0.6050827185604343
024,ExercisePre,0.2816419767051824,4.448933950205649,0.59086680918525,78.64485931396484,4.072126666666667,3.90792,4.27415,4.03431,0.2048932309782737,0.460229021270303,0.3348777477514233,1.0159199237823486,0.3350638747215269,0.0,0.0009713881177390929,24.798263252562275,12.321489637429433,19.49358157243987,180,256,256,2.32291888699429,10.421792612241985,9.620006143219756,16.115306930422996,11.175996907052227,25.220499628180363,25.879557297432168,41.24217535706391,1.0,1.0,1.0,2.765028719604315,15.885387420654297,55.37176513671875,52.65940475463867,3254537.0,31.794748687744143,88.44052124023435,18.200092315673828,0.12317380527684652,126.20929718017578,281.54345703125,270.98944091796875,11725.0,113.4708938598633,481.04580078125,116.65404510498047,0.12773017831082534,57.38613510131836,610.9724731445312,611.5328369140625,30481.0,511.7138671875,704.7233276367188,58.67731475830078,0.7675058146787865,52.02749252319336,994.4925537109375,1000.0176391601562,175024.0,875.6023651123047,1086.3260131835937,62.0537223815918,0.20919805765151978,0.5318276882171631,0.546286404132843,0.6341142769109861
025,ControlPre,0.2767766849638525,4.61384766098092,0.6185719049502052,76.3979721069336,3.9621666666666666,3.74466,4.22329,3.91855,0.1972487074248164,0.47221181537041157,0.33053947720477206,1.0297771692276,0.32632865011692047,0.0,0.0015880226594380603,21.916037567671538,10.401458851535914,16.917785448322118,180,256,256,2.2565342160860813,9.900233956833167,10.21736234576923,18.495318864388437,9.84777010990527,22.801505875511886,23.328238901033558,37.33544071768351,1.0,1.0,1.0,2.2750021181932967,17.547494888305664,56.636390686035156,53.52495193481445,2619965.0,31.06581153869629,93.21530151367186,19.75057601928711,-0.022811087206220826,127.65260314941406,278.4424133300781,263.76751708984375,21181.0,116.51171112060547,480.56396484375,116.88778686523438,0.21365994735471938,59.70731735229492,613.08203125,610.7267456054688,48841.0,515.2003784179688,718.2206420898438,61.68748092651367,0.9998351162966927,48.03743362426758,996.9794921875,1000.0108032226562,199875.0,899.7044677734375,1078.9133422851562,54.06818389892578,0.2163722813129425,0.5395950078964233,0.5438985824584961,0.5880903720978858
025,ExercisePre,0.3002607098263379,4.24350230777127,0.611961906310506,78.53665161132812,4.146066666666667,3.90371,4.39761,4.13688,0.20536384961407023,0.461455374698419,0.33318077568751076,1.0123718976974487,0.32248190641403185,0.0,0.0008942998312311452,21.631700025560953,10.645753975292214,16.82102509182126,180,256,256,2.6319340760429273,10.614555203544892,10.140542546448044,17.17513835975631,11.13277027483673,23.657063155692867,24.02550110577927,37.28666988680821,1.0,1.0,1.0,3.0037202677095323,17.570404052734375,58.76471710205078,54.81216049194336,2535516.0,32.52068901062012,99.92409706115723,21.38701629638672,-0.018471608850016086,122.18669891357422,307.7210388183594,298.57489013671875,20916.0,138.71043395996094,499.4286804199219,113.44043731689453,0.2024143651111867,58.215213775634766,636.7765502929688,634.4696655273438,43293.0,541.99345703125,739.4398681640625,59.77286148071289,0.9729014669592231,51.54169464111328,999.252685546875,1000.0083618164062,202632.0,899.7598083496093,1092.2673828125,58.224037170410156,0.2121449112892151,0.5294151306152344,0.5407320857048035,0.5948702410216332
026,ControlPre,0.31384949814484303,4.067141731539611,0.6010552645323743,77.04547119140625,4.040073333333333,3.83643,4.35572,3.92807,0.20059744386245137,0.47164191663734756,0.327760639500201,1.0773733854293823,0.39184755086898804,0.0,0.0009554595224148439,25.61570463273966,12.228073813415971,19.586223906253135,180,256,256,2.3273497719980236,10.455794361685287,9.642612120064895,16.14469222651137,9.991994313366284,24.026204230648016,23.91681904756852,37.73225859869125,1.0,1.0,1.0,2.7428098222964445,17.36309242248535,59.54886245727539,56.184913635253906,2427845.0,33.019968414306646,98.80761413574218,20.77155113220215,0.766461362473875,108.86875915527344,283.8791198730469,264.8180236816406,14669.0,132.24632568359374,492.16879272460926,113.7813491821289,0.2647236621407165,58.73517608642578,639.0759887695312,636.7669677734375,41896.0,542.7949371337891,743.7073364257812,60.900142669677734,1.0672121040714755,55.2712287902832,999.5441284179688,1000.018798828125,168142.0,895.3495880126953,1098.7324523925781,61.94084167480469,0.21951258182525635,0.5379757285118103,0.5481094121932983,0.6542730224278118
026,ExercisePre,0.24707546800162622,4.682208750641958,0.5851691426357011,86.4695816040039,3.7973466666666664,3.69474,4.06071,3.63659,0.16446583531309533,0.5076822577196071,0.32785190696729755,1.042364478111267,0.29812659621238713,0.0,0.0008721584903432397,30.34850447724069,11.799238951408102,19.85615223105119,180,256,256,1.9542993156000958,10.49674344995607,8.800481792876452,13.950402613073193,10.727386893626438,27.876896531044373,29.07956901124307,48.6344236090584,1.0,1.0,1.0,0.5370185563990022,13.470746994018555,50.44243240356445,49.41492462158203,2676277.0,30.236375045776366,74.41383056640625,13.750226020812988,0.1790545457401138,113.97550964355469,247.85594177246094,220.57379150390625,7168.0,105.89708824157715,449.95830230712886,112.85804748535156,0.2840522277071238,53.13153076171875,575.0987548828125,573.1976318359375,53250.0,488.4438140869141,667.0439086914062,54.60667419433594,0.8760740652871073,52.32299041748047,982.8682250976562,1000.0086059570312,167871.0,830.2304992675781,1070.6038818359375,71.68292236328125,0.22307096421718597,0.5494062304496765,0.5514728426933289,0.6544497366250037
027,ControlPre,0.2780238899698785,4.596881381158838,0.5858085526991212,91.71246337890625,4.024596666666667,3.88363,4.24032,3.94984,0.184646099184292,0.47626954928532367,0.3390843515303843,1.0584499835968018,0.3130009561777114,0.0,0.0010053089548278773,28.713601389253398,12.824587793777233,20.144469180584327,180,256,256,2.47724000982687,10.440466863809792,10.609352656550508,18.91035109601486,12.37640557058825,29.152557302048645,29.385580595665555,46.62777891435976,1.0,1.0,1.0,2.7441095456338855,14.050451278686523,52.55193328857422,50.387107849121094,2824506.0,31.07200574874878,81.71359825134277,16.267276763916016,0.27090897819997206,109.01557922363281,283.37469482421875,265.431884765625,15642.0,138.59789047241213,475.589810180664,107.14480590820312,0.12156057113266394,59.18672180175781,627.4290161132812,625.223388671875,50389.0,532.1699951171875,728.7363525390624,59.88402557373047,1.1369258557018371,45.01223373413086,995.9830932617188,1000.007568359375,170408.0,898.7596588134766,1074.8596069335936,52.8813362121582,0.22670812904834747,0.5463855862617493,0.5464922785758972,0.6097776792042156
027,ExercisePre,0.27573602985695034,4.700596181449917,0.5797054464259158,101.15534973144531,3.879123333333333,3.80052,4.07271,3.76414,0.17936223123040873,0.4866035457745121,0.3340342229950792,0.9809685349464417,0.2803493916988372,0.0,0.0010879532575583596,29.820759617441258,12.860594848944968,20.8154174531778,180,256,256,2.4846175185063393,10.073499780245042,11.282774458473552,21.290206076669275,14.94835872235685,34.03937522525508,34.390566301560234,54.183964957068774,1.0,1.0,1.0,0.9059995730092663,12.091054916381836,47.788169860839844,47.01874923706055,2567387.0,29.046434593200683,69.49286193847655,12.661697387695312,0.35731920260451044,115.48574829101562,294.09539794921875,275.8836669921875,15097.0,142.82301635742186,489.87861328124967,111.03299713134766,0.10496456373573482,61.40601348876953,631.17724609375,628.2233276367188,49941.0,533.6472778320312,739.4221801757812,62.36333465576172,1.2376664291332764,41.108280181884766,995.7000732421875,1000.0075073242188,161769.0,909.6682739257812,1063.8825439453126,46.97016143798828,0.22733435034751892,0.5479221940040588,0.5423957705497742,0.6195212363153308
028,ControlPre,0.26179356427806794,4.3984120617162885,0.55945088997977,110.1865005493164,3.8885166666666664,3.8446,4.04574,3.77521,0.17597143580296556,0.48980237032465834,0.33422619387237607,1.0219320058822632,0.33682421445846566,0.0,0.0007985988773304267,35.10015360339185,14.833911509740343,24.070777501898096,180,256,256,2.671035256243939,10.894112591383912,9.40888123610961,14.661495860700974,16.6553848412681,29.901577753743478,31.925754856862273,49.22030197557524,1.0,1.0,1.0,2.0518985647054215,13.310447692871094,47.64028549194336,46.22151184082031,2906474.0,27.74668369293213,72.3302215576172,14.19143295288086,6.892557101533386,139.03207397460938,330.42327880859375,338.3885192871094,7566.0,138.08706665039062,521.4380187988281,126.67977905273438,0.37451042753905606,52.850826263427734,606.3238525390625,607.5122680664062,37255.0,512.61044921875,696.2825744628906,55.764442443847656,0.6959242308095872,49.90308380126953,983.4766845703125,1000.0120239257812,137269.0,837.0470703125,1066.9248046875,68.20643615722656,0.19861404597759247,0.535171389579773,0.5248131155967712,0.6088894994952614
028,ExercisePre,0.27110042157840764,3.905090118907503,0.5565787974481277,113.46627044677734,3.97313,3.86914,4.20129,3.84896,0.17765229157214638,0.48526206112127673,0.33708564730657686,1.0088005065917969,0.34144969284534465,0.0,0.0009181533497098257,34.74577818618369,14.878929297856068,23.703110252373264,180,256,256,2.9086555843404107,11.215550048101234,8.850082598707754,12.426042163681618,17.730828764405867,32.368803308862965,34.21848318353821,52.5558174773458,1.0,1.0,1.0,2.190120257760623,12.46565055847168,46.607276916503906,45.2818489074707,2820778.0,27.717484760284425,70.17282829284667,13.524575233459473,-0.08558664131262139,133.17227172851562,335.89349365234375,337.37451171875,8130.0,165.00285415649415,520.2882080078125,115.98271179199219,0.2974048370978224,53.359249114990234,615.2473754882812,615.8995361328125,35148.0,524.0131347656251,703.4973205566406,54.914005279541016,0.8653066081587006,50.77306365966797,977.0411987304688,1000.00927734375,137194.0,797.7406311035156,1067.6231018066405,80.47660064697266,0.19953598082065582,0.5333942770957947,0.5276904702186584,0.6040153664567998
029,ControlPre,0.31142969941146126,4.105479579028615,0.596306425263606,93.2881088256836,4.0295700000000005,3.74757,4.44738,3.89376,0.1866314297342818,0.480873850829486,0.3324947194362322,1.076866865158081,0.3478367447853087,0.0019234189659691286,0.0007982470874466144,27.671036957199988,12.256269069286965,19.29454810899168,180,256,256,2.5287321486380328,11.835494575837156,10.345595316076897,16.672559223755503,12.558535777919714,28.404806080900176,28.144123129407472,43.469027529402524,1.0,1.0,1.0,11.723862726403409,15.071535110473633,55.578643798828125,51.6441650390625,2641171.0,31.55203628540039,91.34200286865234,21.902742385864258,0.445918247695003,113.76252746582031,307.91204833984375,288.9114685058594,15249.0,151.91092224121093,510.02822265624985,114.24776458740234,0.14202067074763347,54.26343536376953,654.5171508789062,653.4578857421875,48792.0,565.0603942871094,746.752359008789,55.211143493652344,0.7199868394519888,53.66415786743164,995.8255615234375,1000.0131225585938,169513.0,886.476611328125,1086.5559326171874,59.97940444946289,0.21657012403011322,0.5428496599197388,0.5387965440750122,0.5516928659147939
029,ExercisePre,0.3151505242460001,4.02668473688988,0.5942667023034703,89.30513000488281,3.80637,3.58201,4.10099,3.73611,0.185666619604416,0.4770565465607862,0.33727683383479784,1.0794744491577148,0.3710852503776554,0.0,0.0008918405246663159,27.813916472656434,12.277024364528762,18.97485414235706,180,256,256,2.29183412336738,11.085857520957314,10.09864123339815,16.918232055869755,11.778196518439414,27.78153799558466,27.295677158755023,42.32729696224099,1.0,1.0,1.0,1.441560853038271,15.47791576385498,56.27249526977539,54.28047180175781,2744658.0,33.00993747711182,86.64974403381346,16.865428924560547,3.8672150186242753,114.2756118774414,298.6155700683594,278.265625,14662.0,138.29228591918945,518.1863708496093,121.4119873046875,0.424740616148529,55.488182067871094,657.6155395507812,656.3523559570312,43747.0,562.5901000976562,757.9896484375,59.20560073852539,0.8912230219640236,52.81349563598633,998.5294189453125,1000.0029907226562,170004.0,895.9311218261719,1091.2890319824219,59.10783386230469,0.21390490233898163,0.535510778427124,0.533884584903717,0.520548672946565
030,ControlPre,0.2680633974028946,4.205731730452323,0.5701032672794021,124.26522064208984,3.9661299999999997,3.86096,4.16298,3.87445,0.19311216443350848,0.46430644884947386,0.34258138671701766,0.7551570534706116,0.25368091464042664,0.0,0.0007064540845584702,25.251614951502862,11.946611516676183,18.79674882838133,180,256,256,2.802675551419396,10.433986627765691,9.623975080153357,15.635263061274983,16.66041070648861,31.45861446763656,32.77555562862242,50.20764171174209,1.0,1.0,1.0,1.4841461491775236,13.04870319366455,45.526729583740234,44.171958923339844,2854881.0,26.130002975463867,69.59378051757812,13.680598258972168,3.7846325750607983,125.18460083007812,336.0317687988281,331.8343505859375,12318.0,158.36677246093748,522.3801147460936,118.39432525634766,0.14774541775307215,58.746437072753906,624.7046508789062,626.578125,43478.0,523.0306335449219,720.2158416748048,60.050960540771484,1.9970680919618111,41.357669830322266,985.5755004882812,1000.0125732421875,185630.0,839.3344024658203,1060.1872009277345,63.958621978759766,0.20254629850387573,0.5355372428894043,0.5517828464508057,0.7113825851092789
030,ExercisePre,0.28590470654168293,3.562495668034981,0.578668284665291,114.02033996582031,3.937453333333334,3.8413,4.08473,3.88633,0.20337917410512266,0.45274270558180685,0.34387812031307047,0.7607671618461609,0.25524622201919556,0.0,0.0007215817078964817,24.33635958444761,12.164683313415939,19.00761493786704,180,256,256,2.9911252707151252,10.638009672425154,8.429205380588487,11.658481198625182,15.56434662742827,27.47613456903772,28.99738886369525,43.95168539461976,1.0,1.0,1.0,1.8586267824878275,14.905993461608887,48.754337310791016,46.55953598022461,2806719.0,27.023556327819826,77.92670211791994,16.16735076904297,-0.11147898886721919,130.9265899658203,348.9398498535156,354.12786865234375,10752.0,161.80138931274416,530.547152709961,118.3873519897461,0.09876522695330703,59.061798095703125,623.857666015625,625.15087890625,38858.0,525.3095001220703,717.3005920410156,58.765018463134766,1.2350876934223116,48.11245346069336,975.0310668945312,1000.0109252929688,183431.0,775.5316772460938,1066.6441650390625,85.7751693725586,0.2019559144973755,0.5296800136566162,0.5512219071388245,0.7175055669824831
033,ControlPre,0.2626614604208946,4.783981375766009,0.5821359120539734,90.80362701416016,3.8909133333333337,3.77575,4.06729,3.8297,0.18192298666597986,0.4792295424241125,0.3388474709099077,0.7871705293655396,0.2722490668296813,0.0,0.0030420990787388014,29.172336041577907,12.961432414818775,20.70868239459263,180,256,256,2.613199675972301,10.238832462968428,11.367301899571217,21.249873559772926,15.112629955019866,28.532777739201755,29.778522052950517,45.690158464629924,1.0,1.0,1.0,1.4732006308282921,14.33881950378418,51.29874038696289,49.920799255371094,2961983.0,29.78679542541504,77.58764572143554,15.064249992370605,0.4362179202665568,141.67605590820312,330.2882080078125,330.76666259765625,9932.0,141.74229049682617,527.2203979492188,126.56897735595703,0.4133771827443371,57.10760498046875,626.1941528320312,624.4903564453125,42049.0,528.50361328125,730.67978515625,60.991615295410156,1.1709067119601082,41.52693557739258,997.6858520507812,1000.010009765625,166166.0,915.6562805175781,1069.228271484375,47.05943298339844,0.21571293473243713,0.5440045595169067,0.5500717163085938,0.7261783932225984
033,ExercisePre,0.273825135534788,4.550524720012314,0.5932575009869896,77.34131622314453,3.93913,3.78076,4.09054,3.94609,0.1829140568041327,0.4788307831141221,0.3382551600817452,0.8102772235870361,0.2881066858768462,0.0,0.0006574334760000218,29.065146701087226,12.981156263877018,20.630509739453984,180,256,256,2.764645459767779,10.469347506706265,11.559811668963484,21.445442040416406,12.240024614638727,23.810502058848392,24.41662020928376,37.19933395436416,1.0,1.0,1.0,1.2771094937252476,17.61168670654297,59.68748092651367,57.830081939697266,2918454.0,33.47399768829345,92.46265144348146,18.541582107543945,0.3505090369217365,129.0334930419922,339.8283386230469,329.0421447753906,11625.0,166.77776794433595,536.5532592773437,119.01272583007812,0.4816336537041317,56.91386413574219,643.3540649414062,640.085205078125,42132.0,548.0689697265625,749.9454345703125,61.13825225830078,1.140841860653115,41.64262771606445,998.08447265625,1000.0101318359375,166060.0,917.6649658203125,1069.6371337890625,46.630287170410156,0.21639369428157806,0.5443375110626221,0.5499956011772156,0.7097651511759637
034,ControlPre,0.28368753264543,4.469343521669709,0.6021761697448668,100.342529296875,3.92737,3.71114,4.20038,3.87059,0.1803779166572785,0.488579332055619,0.3310427512871025,0.8426206707954407,0.2762276530265808,0.0,0.0006787818853319313,25.708958568597556,11.186928477136197,18.273500246500628,180,256,256,2.725744997757049,11.295397953081117,11.054279706358633,19.141696168237733,16.02627412212122,29.11973654234247,30.048594737167008,44.99977354703734,1.0,1.0,1.0,0.5466113666108483,14.558774948120117,52.167884826660156,50.76372528076172,2961267.0,30.568610954284665,78.74668655395507,14.938400268554688,-0.1837931444920402,146.5416717529297,355.54248046875,356.14404296875,15827.0,156.15074615478517,564.0811950683593,130.65521240234375,0.436685620541716,54.2908935546875,648.8292236328125,647.1136474609375,60708.0,558.3293212890626,746.2997924804687,57.289554595947266,0.8466241492437243,45.82081604003906,996.394775390625,1000.0079345703125,196858.0,900.8832244873047,1075.2510681152344,52.24225616455078,0.2034439891576767,0.5393782258033752,0.5401885509490967,0.6729651473476455
034,ExercisePre,0.27679275153354704,4.61240063037917,0.6112876404085501,88.81539154052734,3.8093233333333334,3.61508,4.02139,3.7915,0.183950333828091,0.48441295085218417,0.33163671531972483,0.9092984199523926,0.28885177373886095,0.0,0.002668746301190861,25.266560822559914,11.297290909656788,18.606533240365877,180,256,256,2.4377848434817655,10.906838623520306,11.384162573515283,20.807864253543777,14.323761035107836,28.47606849508182,29.04269328231059,44.328250316742114,1.0,1.0,1.0,0.6124260930743262,14.779365539550781,54.825599670410156,53.46238708496094,2775938.0,32.625220489501956,81.82740058898925,15.254321098327637,-0.26689608294884426,155.6333770751953,325.480224609375,323.13287353515625,11627.0,130.61942443847656,535.0231689453125,132.546142578125,0.3585480658219229,55.85697555541992,643.4547729492188,642.3978881835938,48154.0,548.7704803466797,743.0559234619141,58.89802169799805,0.9318137706292098,43.12767028808594,997.84912109375,1000.0107421875,191052.0,914.0081695556642,1071.9865234375,48.05914306640625,0.21052506566047668,0.536909818649292,0.5443926453590393,0.6609482712100867
035,ControlPre,0.29007261031395276,4.465162058589753,0.6146680998732458,61.45829772949219,3.9303733333333333,3.82036,4.0663,3.90446,0.21057026538322568,0.4584449424120845,0.33098479220468985,1.2484381198883057,0.3265334367752075,0.0,0.0009083904649300063,23.997594496075664,12.016665062266263,19.20577466982563,180,256,256,2.7326236287204306,10.443332908174487,10.306490389684855,17.743514632159645,11.888634150096152,25.022026606643106,25.67328827966661,40.10920408226058,1.0,1.0,1.0,1.9719301609640736,16.33395004272461,60.83575439453125,59.380035400390625,2981464.0,35.362006187438965,92.81554794311523,18.762849807739258,0.030110048503805942,115.75855255126953,295.57879638671875,296.4090576171875,17143.0,124.7456901550293,469.8009887695312,108.46733856201172,0.0062937978007342466,59.50968551635742,623.03857421875,623.8526000976562,33954.0,522.7943725585938,719.6310058593749,59.736045837402344,0.8270759121588687,49.602745056152344,996.805908203125,1000.0081787109375,172055.0,894.4031677246094,1083.3989501953124,56.358917236328125,0.20361582934856415,0.5282171964645386,0.539214551448822,0.6123143996620313
035,ExercisePre,0.29976813693665233,4.216518982675175,0.6030409393567644,89.24042510986328,3.9427833333333333,3.84219,4.08914,3.89702,0.22101368723056092,0.44095678044542674,0.33802953232401234,1.141400694847107,0.315613752603531,0.0,0.0016859008222045895,23.457939798740423,12.385251955192787,19.15296568459126,180,256,256,3.0749349914315136,11.043108462675105,11.398007723642259,20.075979716820157,14.695901160023682,28.668882612582134,28.86718490648818,43.236770946858734,1.0,1.0,1.0,2.6153604790182614,15.152527809143066,54.196319580078125,51.72492218017578,2750276.0,31.44843864440918,85.66275215148926,17.293212890625,-0.21648764570905987,117.9144287109375,335.7650146484375,339.8987731933594,18187.0,152.6763427734375,509.86247863769535,110.53548431396484,0.2087090169080863,57.65217971801758,663.2693481445312,663.0772705078125,32951.0,564.1210632324219,762.79345703125,60.04352951049805,1.059539082404532,43.35109329223633,998.3861083984375,1000.0152587890625,173517.0,911.0689331054687,1076.132958984375,49.81138610839844,0.1997239589691162,0.5184729695320129,0.5406549572944641,0.5940825378013713
036,ControlPre,0.2585182524435072,5.001825680603806,0.5603726243889178,135.21673583984375,3.9554766666666663,3.80004,4.18359,3.8828,0.1945731913655242,0.4525760176914384,0.3528507909430374,0.7459981441497803,0.23316314816474915,0.0,0.0008839130460125574,24.77011754883034,12.005517817608002,18.423989195444225,180,256,256,2.7914906714251533,10.35265801586741,12.285819045861826,23.713308450292914,18.96518199927802,34.695091226333254,36.359037585370395,55.41683953049991,1.0,1.0,1.0,0.8726039982018552,11.822071075439453,43.378990173339844,42.30619812011719,3032375.0,25.517342376708985,65.16958465576171,12.38011646270752,3.0407499188952123,132.41250610351562,336.4803161621094,342.2306213378906,18636.0,152.01768493652344,518.9057312011719,122.59451293945312,0.19677669253256003,59.189754486083984,626.4169311523438,626.080078125,44158.0,526.9338653564453,725.4833251953125,60.474613189697266,1.0424399635624635,37.477516174316406,998.1856079101562,1000.00830078125,201824.0,924.6662353515625,1063.2852905273437,42.170658111572266,0.21670733392238617,0.5331752300262451,0.5577138662338257,0.7075300138773978
036,ExercisePre,0.26189574576903374,4.843181161233462,0.5641785114722775,132.03671264648438,4.105393333333333,3.91006,4.39582,4.0103,0.20309282751065424,0.4449934212090733,0.35191375128027247,0.7249148488044739,0.24066749215126026,0.0,0.0009920988838453863,24.035658598998637,12.178677106330113,18.589178016567207,180,256,256,2.7882273565784206,10.568380915735354,11.552510161956407,21.30092221355545,18.355222863915888,34.860039327051666,36.23034950467196,55.47578632304834,1.0,1.0,1.0,0.6823745082873738,11.809503555297852,43.66419219970703,42.72245788574219,2759205.0,25.816899871826173,64.9924087524414,12.176889419555664,-0.000999913599484703,136.27081298828125,331.1029052734375,330.8716735839844,18489.0,154.06301269531252,515.2710693359373,118.6641845703125,0.15835018229264364,59.15921401977539,628.8526611328125,628.3878784179688,43167.0,532.14814453125,725.4240783691406,59.45854949951172,1.9806263152482124,38.166465759277344,995.7140502929688,1000.0078125,202700.0,907.0987731933594,1062.3337036132814,46.94657516479492,0.22198835015296936,0.5325616598129272,0.5598403215408325,0.7165798309905221
037,ControlPre,0.2865329239263429,4.318026361459292,0.6030140473855046,98.46269226074219,3.8321233333333335,3.71381,4.07394,3.70862,0.20395579297279925,0.46223098386671696,0.3338132231604838,1.0420567989349365,0.307700514793396,0.0,0.0007119922849376576,22.943275099565604,11.316915240841299,18.22726473311907,180,256,256,2.828939730454625,11.195969711044576,10.276021049728293,16.803153707685677,14.993169339979623,29.140456658711425,29.924310395868314,45.639305188913895,1.0,1.0,1.0,0.6135549598248367,14.354785919189453,53.350257873535156,52.126529693603516,2917323.0,31.978240966796875,79.09611358642577,14.665569305419922,0.10603307071375667,124.4921875,341.0550537109375,328.5174560546875,12803.0,170.5371856689453,533.4950866699219,116.12287902832031,0.39693129894943624,54.29922103881836,638.6339111328125,638.5006713867188,44499.0,545.2521423339844,733.3715209960938,57.02886962890625,0.6166758510765331,49.28489685058594,990.3905029296875,1000.00927734375,187286.0,871.4849090576172,1072.1683044433594,59.513031005859375,0.20177939534187317,0.5279900431632996,0.5287679433822632,0.540904830953902
037,ExercisePre,0.2593145084465896,4.840410820935071,0.606056094222638,81.09690856933594,3.673716666666667,3.61094,3.79121,3.619,0.20075625435713296,0.4707623271330047,0.32848141850986234,1.0039782524108887,0.27594998478889454,0.0,0.0007247759290014842,22.830176324682913,11.104497132861173,18.556670262666394,180,256,256,2.5022101278320528,10.357998575458552,10.862858368505693,19.728366402226477,13.950482296546857,28.319053100331097,29.424472344727587,46.003881637304794,1.0,1.0,1.0,0.4181725058266341,14.241022109985352,53.11139678955078,52.13323211669922,2895535.0,31.75866413116455,78.06133651733396,14.359395980834961,9.162059210248698,135.8461456298828,302.8103942871094,303.2485046386719,10717.0,120.32892913818361,484.201513671875,121.18660736083984,0.4412554722490265,55.86774444580078,615.2129516601562,615.585205078125,39234.0,516.5509429931641,712.8464294433594,59.430145263671875,0.9393589064513184,43.818931579589844,994.53173828125,1000.009033203125,180075.0,899.0630676269532,1067.5867919921875,50.688751220703125,0.2043996900320053,0.5309135913848877,0.5296463370323181,0.5898407932050055
038,ControlPre,0.29425992252151156,4.365912104247069,0.5926512059391219,83.79759216308594,3.943436666666667,3.76624,4.11007,3.954,0.197610543258541,0.46717488925568834,0.33521456748577066,1.0342280864715576,0.331528055667877,0.0,0.0008057087585860973,25.6758751174286,12.18478331560585,19.36726042662099,180,256,256,2.5163041545115914,10.255298509212974,10.585668370949646,18.985402449124372,12.600982619918584,26.89710780835072,27.24784792863043,42.24545335762199,1.0,1.0,1.0,2.3621845837034092,15.508091926574707,55.34019088745117,53.231571197509766,2564023.0,32.10947113037109,85.79493865966796,17.213497161865234,0.417305881864126,122.99517822265625,307.6134338378906,298.2847595214844,14217.0,131.3671417236328,509.5486511230468,118.53665161132812,0.0890790447602865,60.81501770019531,636.979248046875,636.6961669921875,35236.0,535.7540893554688,741.3836975097656,62.08372497558594,1.11772394660405,46.09523010253906,1001.23779296875,1000.0152587890625,174178.0,916.1235229492188,1088.7734008789062,52.672698974609375,0.21659159660339355,0.5356251001358032,0.5432983636856079,0.603416527796256
038,ExercisePre,0.24863244122268377,4.814040513635778,0.5692744756177547,117.60892486572266,3.863666666666667,3.77823,4.08202,3.73075,0.1927423763165988,0.4733568910885578,0.33390073259484343,0.9694036841392517,0.28055475950241093,0.0,0.0008122676219813067,26.25857951510309,12.200044926553483,19.818437312933106,180,256,256,2.69191639982586,10.680444864033,10.555662559385247,18.294626414296882,16.499585235621648,32.889756997384524,34.334445054039854,53.61399292911338,1.0,1.0,1.0,0.9397442407374612,12.219552040100098,46.288997650146484,45.26000213623047,2736642.0,27.896396541595458,68.35891532897948,12.673222541809082,0.48109024769504805,121.46954345703125,316.0733947753906,307.74896240234375,13521.0,148.98312377929688,501.86846923828125,114.31914520263672,0.27781996844179924,55.029571533203125,612.689208984375,613.4571533203125,40271.0,514.9876708984375,705.1651000976562,57.436702728271484,1.792329935114794,41.07850646972656,991.410888671875,1000.0039672851562,174141.0,874.1053466796875,1062.9522705078125,54.660919189453125,0.21718208491802216,0.5359986424446106,0.5412901043891907,0.6023863009573046
040,ControlPre,0.3862355186508157,3.3193948991002586,0.6260543190469744,65.04811096191406,3.6985033333333335,3.57575,3.86707,3.65269,0.21807430694609486,0.43138020966173174,0.3505454833921734,1.1985971927642822,0.35154956579208374,4.612339457641592e-06,0.001466303951164481,21.65686436202248,11.46574196406674,16.506808387583668,180,256,256,2.618317791932877,9.785909663256257,9.032017469377164,14.691824952942357,8.945614083772512,19.479450034760777,19.28699760711292,29.435928702805466,1.0,1.0,1.0,4.052857201136999,22.257125854492188,71.6534194946289,61.92546081542969,2808935.0,36.04483337402344,143.476545715332,34.31979751586914,0.4729682450341248,117.65863800048828,313.23052978515625,303.9117736816406,22597.0,139.5375946044922,513.1640014648438,116.06881713867188,0.1564395662993725,66.26676940917969,663.59326171875,661.7806396484375,26888.0,555.6552154541016,777.821661376953,67.6246109008789,0.6966128410445087,64.37899780273438,1003.0620727539062,1000.0347900390625,208506.0,897.1363220214844,1119.6889953613281,68.06726837158203,0.20725850760936737,0.5159141421318054,0.550724983215332,0.6170050218438669
041,ControlPre,0.27606946418315287,4.663999136836314,0.5802253794647285,113.65739440917969,3.7633233333333336,3.6423,3.98397,3.6637,0.19455144224732518,0.4603504332759584,0.3450981244767164,1.0386607646942139,0.2980733305215836,0.0,0.0010277253622586625,24.479785924269454,11.719413066803673,18.18550748034063,180,256,256,2.476489954129722,10.804773151663463,11.152864065699662,20.177329091305804,15.434389449419513,33.484243937133265,33.85474579237009,52.64560399055749,1.0,1.0,1.0,0.8596514927017229,12.444398880004883,49.54563903808594,48.75248718261719,2913366.0,30.3320255279541,71.85658836364746,12.984062194824219,1.040333455808934,129.02532958984375,310.3245849609375,293.1781921386719,13707.0,148.24933624267578,505.8330841064452,118.3802490234375,0.05526813628126748,58.10074234008789,634.9304809570312,636.0374755859375,44228.0,535.663296508789,729.9020599365235,58.86567687988281,1.201865696164493,42.380943298339844,994.8915405273438,1000.0099487304688,189863.0,900.5727172851563,1065.7695190429688,49.560935974121094,0.22000840306282043,0.5380809903144836,0.5536504983901978,0.6630110555306884
041,ExercisePre,0.27132181178162423,4.77989330384017,0.5739953856743463,129.99981689453125,3.723986666666667,3.63398,3.92457,3.61341,0.18796183498441457,0.4673531884378434,0.344684976577742,0.9147466421127319,0.2845170378684996,0.0,0.0007877600368377227,25.142844854652036,11.637722483415534,18.327238398558364,180,256,256,2.1345195596067423,10.285268490182823,11.677758716997483,22.613488101202886,16.175170133483974,35.97862910513428,36.324301305360315,56.81910467746271,1.0,1.0,1.0,0.7394786931526522,11.530305862426758,45.88459777832031,45.144527435302734,2810777.0,28.069744873046872,66.47606506347654,11.941722869873047,23.497630569636417,126.74594116210938,305.9510192871094,284.6806640625,10984.0,145.6942512512207,501.9774154663087,133.36383056640625,0.15048489025348433,59.81165313720703,633.3875122070312,633.2186889648438,45409.0,531.768408203125,735.4942993164062,61.564918518066406,1.0190639694821213,39.706302642822266,996.9736938476562,1000.008056640625,187663.0,918.1552307128907,1063.3022338867188,44.22163391113281,0.2202862650156021,0.539592444896698,0.5523368120193481,0.6533126562771467
042,ControlPre,0.26110889438175666,4.6321215414318155,0.5652662296290055,115.28330993652344,4.0276266666666665,3.8918,4.39625,3.79483,0.20121834542460715,0.4510083263433196,0.34777332823207324,1.0673942565917969,0.28236195743083947,0.0,0.0009073680550670521,24.628612485356214,12.240847164519055,18.832653940372015,180,256,256,2.7284908825051346,11.198887291693273,10.07544190987452,16.298947555425155,16.74640622267364,34.2559909105911,35.59704245777962,55.788730240074116,1.0,1.0,1.0,2.4364104689913306,11.743230819702148,46.70826721191406,45.398502349853516,2948105.0,28.56855621337891,69.55052947998047,13.134675025939941,-0.33206772605710944,124.89991760253906,299.00299072265625,300.17706298828125,13090.0,129.70699920654297,475.37713012695315,110.01158142089844,0.04058454559330782,54.517032623291016,613.9431762695312,614.0339965820312,38378.0,522.674169921875,702.9638549804688,54.82919692993164,1.2672358124987513,46.26354217529297,989.2273559570312,1000.0054321289062,187802.0,856.2866088867188,1069.2676635742187,61.353824615478516,0.2055465579032898,0.5261529088020325,0.5414004325866699,0.5707712766124381
042,ExercisePre,0.273618380929872,4.703721965298806,0.5748118548334211,103.35131072998047,4.045223333333333,3.90863,4.39769,3.82935,0.20573432726810123,0.44764395723247263,0.34662171549942616,1.068211555480957,0.3115203231573105,0.0,0.0023846417067090184,24.30865658357439,12.278936550368613,18.7585257706701,180,256,256,2.655066972630816,10.669456612609201,11.14335058468862,20.10552816882584,15.576685794552949,32.79969042540665,33.460251686674546,52.00437884006403,1.0,1.0,1.0,1.8805881674608838,12.597851753234863,49.85059356689453,48.29456329345703,2606364.0,30.46491813659668,74.78659248352051,13.989479064941406,-0.10858025485313805,125.48231506347656,301.0760803222656,299.5296630859375,15536.0,129.12244415283203,484.6630096435547,112.81072235107422,0.11508538798192625,58.4039306640625,630.2451782226562,630.7169799804688,37928.0,531.8061706542969,726.3871398925781,59.11347579956055,1.0472431185020588,42.64164733886719,996.0865478515625,1000.0108032226562,186737.0,902.8346313476562,1069.862890625,49.73796844482422,0.20327045023441315,0.5247706770896912,0.5417400598526001,0.56111045770147
043,ControlPre,0.25740841629868144,4.628642193540666,0.5764791893317065,111.84467315673828,3.928473333333334,3.85002,4.1409,3.7945,0.17822518016745148,0.48255934278813123,0.33921547704441724,1.0610742568969727,0.32981624603271475,0.0,0.0010801077417940722,28.460605073397485,12.290239955009097,19.610641880582225,180,256,256,2.7614543890219467,11.439079499451612,10.506383900532606,17.31861781312426,16.349965248848548,33.23724051386767,34.203283010371514,53.02264326839832,1.0,1.0,1.0,0.7282909813437621,12.35579776763916,49.85182189941406,48.73928451538086,2806845.0,31.244652175903322,72.30170135498045,12.739259719848633,0.27640750726547436,126.06482696533203,315.1157531738281,308.3584899902344,12148.0,154.93108367919922,495.5937393188476,111.66065216064453,0.1414547945563016,54.24348068237305,625.6177368164062,626.8505859375,49607.0,533.8871215820312,713.1145874023437,54.79848861694336,1.7106777735243233,41.80858612060547,988.5536499023438,1000.0010375976562,177997.0,863.0750122070312,1060.9804443359376,57.74122619628906,0.21180735528469086,0.5362427234649658,0.5366131663322449,0.6012354326609826
043,ExercisePre,0.2744382128412476,4.249097022468517,0.5769430596574843,103.49820709228516,3.9402666666666666,3.85478,4.16507,3.80095,0.18013416727881393,0.47862106364419454,0.3412447690769915,1.0190260410308838,0.3248100519180297,2.3005875371914625e-06,0.0008305832613933354,28.557513509557324,12.465289191516005,19.7732098982099,180,256,256,2.6346909628402315,11.114828715722062,9.726833093753498,15.430979602698201,14.760354032509815,29.56759040110977,30.475387447013542,47.09821790742103,1.0,1.0,1.0,6.801189929460385,13.910087585449219,51.481727600097656,49.16500473022461,2823326.0,30.13501214981079,80.13584518432617,16.844526290893555,-0.022492181421026824,140.02713012695312,316.6553649902344,313.3970642089844,9554.0,146.3317497253418,505.18218078613285,118.9439926147461,0.17292810543497517,55.321044921875,628.1415405273438,627.78955078125,45211.0,535.27294921875,720.74072265625,56.481536865234375,0.9940297443332899,46.829383850097656,984.9253540039062,1000.0060424804688,177472.0,845.199575805664,1064.3525695800781,64.8049087524414,0.21179421246051788,0.5350035429000854,0.5386399030685425,0.583977432716266
044,ControlPre,0.2541433268200588,4.828642118123567,0.5892052092320417,90.39642333984375,3.6221366666666666,3.60751,3.84903,3.40987,0.16526316109249067,0.5071137802610012,0.3276230586465082,0.9932659864425659,0.3250557690858842,0.0,0.0008207154442530656,32.27593670656011,12.522928142926895,20.748775642455726,180,256,256,2.514589460458454,10.541728044382467,10.596297218482787,18.732574150607444,13.835401735248977,29.413777325024235,30.41690191108803,48.00152667299088,1.0,1.0,1.0,0.8561287120582182,13.648374557495117,52.607582092285156,51.475685119628906,2887019.0,31.924871253967282,77.43398513793947,14.238178253173828,0.7234001660172664,119.94236755371094,302.6654968261719,288.231201171875,9674.0,136.06024703979494,490.55540313720707,114.61763763427734,0.7294163498562667,52.815895080566406,616.0188598632812,612.7735595703125,53393.0,526.7547119140625,718.5602050781249,58.12783432006836,1.0926404350069117,45.597618103027344,993.2689819335938,1000.0098266601562,160520.0,890.2947021484374,1068.1652893066407,53.383304595947266,0.2116088718175888,0.5484973788261414,0.529570460319519,0.6473247138167944
044,ExercisePre,0.25295455139021683,4.800934887006745,0.5879720969826226,99.23409271240234,3.58602,3.54871,3.83986,3.36949,0.16215021863546814,0.511229817103548,0.3266199642609839,0.9974812269210815,0.32216643095016473,0.0,0.0011118738839113337,33.29802881530153,12.479066892752437,20.560463353522877,180,256,256,2.219996828102306,11.007913463767334,10.765057284499699,19.067261561629458,15.170710149680543,31.73244696913356,32.592401477752546,50.87404731444354,1.0,1.0,1.0,0.8452255629327516,12.877657890319824,51.851619720458984,51.046871185302734,2844871.0,31.95773220062256,74.92452621459961,13.446025848388672,16.877328460166733,110.96333312988281,321.4983825683594,298.2023620605469,11109.0,155.131787109375,523.7067138671875,134.3195343017578,0.8702044108729452,50.837493896484375,627.1173706054688,623.7473754882812,61503.0,540.5733581542969,727.9801025390624,56.663082122802734,1.2876631700674048,44.33816909790039,992.9866333007812,1000.0033569335938,162201.0,892.6107177734375,1065.9185791015625,52.44593048095703,0.21163122355937958,0.5477677583694458,0.5268206596374512,0.6237196698984646
046,ControlPre,0.27859380754174734,4.519409049758413,0.6102610152284795,73.51237487792969,3.9121733333333335,3.80661,4.14356,3.78635,0.20782589086437717,0.46549669156003004,0.3266774175755928,1.1466578245162964,0.33249982595443717,0.0,0.0008385838331280143,23.462695854292033,11.747895579882968,19.273117405843564,180,256,256,2.835589802308237,10.481764843052648,11.2997095004308,20.581773855931516,12.278699267700825,24.877009561713752,25.375148072717618,38.96973538873828,1.0,1.0,1.0,1.7477993063638158,16.81157875061035,61.37723159790039,58.927608489990234,2851108.0,36.67909545898438,94.48470726013184,18.252243041992188,-0.0405618493195834,123.15512084960938,318.0879821777344,315.0860290527344,19117.0,145.2146728515625,496.56533203125,111.11543273925781,0.37767427366250494,57.37206268310547,639.7645874023438,638.3736572265625,37944.0,542.0676544189453,743.7293182373046,60.90245819091797,1.0491425931107639,43.37751770019531,997.3768310546875,1000.009765625,185899.0,912.3724609375,1071.5480346679688,48.58702087402344,0.21046942472457886,0.5278806090354919,0.5343533754348755,0.5718595662186237
046,ExercisePre,0.2604841521022162,4.886088488643636,0.5933687471915365,92.69485473632812,3.8770433333333334,3.76018,4.15899,3.71196,0.20816101261274042,0.4687940468118374,0.3230449405754222,1.072716474533081,0.2883013129234313,0.0,0.003508690176583704,23.729655303968084,11.792131809147955,19.575199555041113,180,256,256,3.0241827441359304,10.694066976017453,12.160289226561673,22.76261795953164,16.249254440864828,32.64870607274378,33.46975292491999,51.51129826115136,1.0,1.0,1.0,0.7042222919501611,12.718400001525879,52.81952667236328,51.94453430175781,2709505.0,33.18787384033203,75.64781188964842,13.191526412963867,-0.02784417927117122,114.75675201416016,317.73236083984375,315.4526672363281,24373.0,157.182080078125,485.5948486328124,104.30791473388672,0.3687467951862957,56.20672607421875,635.278564453125,633.8211669921875,46464.0,540.4657165527343,736.3771209716797,59.26784896850586,1.025325267806445,39.179012298583984,996.9541015625,1000.0075073242188,184413.0,918.3149536132812,1062.257763671875,43.931888580322266,0.20840556919574738,0.5322839617729187,0.5409848690032959,0.5487503632275005
048,ControlPre,0.25716636488927747,4.494466125831139,0.5731119162083617,87.15098571777344,3.7634666666666665,3.64931,3.98954,3.65155,0.1861712178595969,0.4871050596049164,0.3267237225354867,0.979128360748291,0.3456488281488419,0.0,0.0033337073761517647,30.14205199076612,13.400887052760295,22.05318248345455,180,256,256,2.17530341490017,10.368600624323086,8.859249207914514,14.033843584520287,12.168854985577232,27.152417291936565,28.547057808356197,46.31990114755479,1.0,1.0,1.0,0.5151323365730556,14.143783569335938,50.44358825683594,49.23197937011719,3001803.0,29.72140712738037,75.47451400756836,14.259730339050293,0.5848717129626948,129.60922241210938,277.2073974609375,262.7142333984375,6626.0,114.30176162719727,483.95569610595703,120.76219177246094,0.4073482381816582,54.135887145996094,585.8908081054688,586.1953735351562,36627.0,492.7915924072266,677.7800903320311,56.53485870361328,0.8516951868946143,52.281639099121094,983.1405639648438,1000.0034790039062,139785.0,831.4878662109376,1070.61396484375,71.25630950927734,0.19601576030254364,0.5274595022201538,0.5113272666931152,0.6845979520200646
048,ExercisePre,0.32150331477245453,3.9495625658318803,0.5912950617195897,80.33953857421875,3.8896866666666665,3.72127,4.06265,3.88514,0.20672051270187364,0.4620397831691475,0.33123970412897885,1.073140025138855,0.39830554127693185,0.0,0.0010245997954845538,27.884646895750173,13.632320461419427,21.26862203731033,180,256,256,2.4821510348600984,10.051530541371195,9.421833205069868,15.731818038978314,9.745452501977459,21.863973053910172,22.026300593242567,34.46947622384007,1.0,1.0,1.0,3.116984591799188,19.006839752197266,59.093692779541016,54.23350143432617,2857950.0,31.164661502838136,104.52978782653807,23.46982192993164,0.7147028539124691,108.3433609008789,297.238525390625,282.73541259765625,12320.0,135.38227767944338,502.5098281860352,113.90279388427734,0.26494598078177223,60.87383270263672,635.896728515625,634.318359375,26420.0,534.4528869628906,740.9185516357422,63.10544967651367,0.8580957777868798,56.70356369018555,997.95703125,1000.0296630859375,141074.0,884.6456298828125,1097.196435546875,63.56710433959961,0.19899986684322357,0.5200638175010681,0.5138612389564514,0.6505030268293771
049,ControlPre,0.3524353803669741,3.6540942299942625,0.6106898618293188,76.42745971679688,3.7874800000000004,3.57933,3.97081,3.8123,0.1827722311299788,0.478570190076074,0.3386575787939472,1.245926856994629,0.4309226155281065,0.0,0.0008048662561922488,28.988402259640853,12.304238537707668,18.838834526304943,180,256,256,2.5260750908850014,10.537226563400887,9.289832969686708,14.806197254774236,10.495957547710535,21.451199328758143,21.645714222103333,32.98998578984133,1.0,1.0,1.0,3.9457714839509563,19.858915328979492,67.8701400756836,60.936119079589844,2691006.0,36.63618183135986,125.07433700561523,28.157442092895508,0.26060896065079486,132.62725830078125,324.0947570800781,318.16021728515625,8622.0,132.0429275512695,533.5937805175781,125.943115234375,0.09351224605382935,60.969482421875,650.6314086914062,650.2425537109375,31597.0,550.1140747070312,753.0435180664062,61.70810317993164,0.6858002697110774,62.3022346496582,1002.2325439453125,1000.013671875,155829.0,894.0535888671875,1116.314208984375,67.53999328613281,0.1887534260749817,0.5261802673339844,0.5169028639793396,0.5861497633118694
049,ExercisePre,0.40182325014587206,3.249426765726484,0.6194389470769553,68.45143127441406,4.053383333333334,3.87754,4.30218,3.98043,0.19220368584215677,0.4724132663810736,0.3353830477767696,1.2651698589324951,0.4804101288318634,0.0,0.0006743978138671455,28.002552831419905,12.265740351529413,18.085239065946134,180,256,256,2.8075045997452515,10.527386474976167,8.51413134504171,12.20750296040371,10.860926924680081,21.68421394112699,21.883219120235328,33.104516494898924,1.0,1.0,1.0,6.131589204179031,19.79031753540039,68.92007446289062,63.567108154296875,2700985.0,38.5001937866211,117.99969329833982,26.25804328918457,0.18655374976409744,118.43054962158203,330.5289306640625,328.086181640625,21353.0,143.65472106933595,523.4436157226562,116.8576889038086,0.12010678080369752,60.71936798095703,656.2943115234375,655.0353393554688,41317.0,555.77392578125,761.22490234375,62.221275329589844,0.775917199069283,77.90312957763672,1004.306396484375,1000.0191040039062,160473.0,877.6509155273437,1146.76708984375,81.91814422607422,0.18696965277194977,0.5224738121032715,0.5214062333106995,0.5705065756008961
050,ControlPre,0.3105230227031944,4.178476936878429,0.5871935686758923,96.4317855834961,3.80205,3.57942,4.03214,3.79459,0.19467964240919866,0.47211700951321317,0.33320334807758817,0.9196101427078247,0.2855645984411237,0.0,0.0009539641335758293,27.88900273305423,13.216190452384632,21.32163193895051,180,256,256,2.3633913376801448,10.299516481533965,10.749489878940258,19.58556181760666,14.092479998963713,29.108736558184326,29.241934767764633,44.524587746145855,1.0,1.0,1.0,0.6771871546569792,14.71429443359375,55.02661895751953,53.825870513916016,3001269.0,32.862639617919925,81.55072937011718,15.165124893188477,0.754778001602789,146.21286010742188,326.9571533203125,316.515625,9872.0,141.29126663208007,549.9133331298826,133.9175567626953,0.12285408193332525,62.350555419921875,655.3055419921875,653.7791748046875,40704.0,553.3679351806641,762.7581420898438,63.47590637207031,0.9149971973106354,45.1644401550293,998.3588256835938,1000.017578125,160195.0,908.5255432128906,1078.1213500976562,51.05875778198242,0.21129409968852997,0.5384071469306946,0.5381829738616943,0.6965901137069402
050,ExercisePre,0.2883701820570884,4.424431769125269,0.5770634002432979,106.77566528320312,3.85327,3.60357,4.1766,3.77964,0.18629583898051227,0.48013529791011317,0.33356886310937456,0.8874161243438721,0.3103475600481034,0.0,0.001090714405587621,29.14344231697666,13.107510277636989,21.068309384519992,180,256,256,2.326651541708254,10.650393664177079,10.941717053303215,19.84810595402431,15.43196916013135,32.2935816344179,32.57528161860217,50.00029406125728,1.0,1.0,1.0,1.0201088450034224,13.102852821350098,51.28678512573242,50.339996337890625,2801848.0,31.11295585632324,75.10973892211913,13.805499076843262,1.393574468844169,143.3929443359375,321.27520751953125,308.642333984375,10797.0,142.59908752441407,539.0927734374995,132.64901733398438,0.20676408502270505,58.84991455078125,646.4539184570312,645.8778076171875,43941.0,547.7691650390625,748.0177001953125,60.64287185668945,1.033733019250005,43.27281951904297,996.7146606445312,1000.0154418945312,160939.0,904.2967224121094,1073.0878662109376,50.383262634277344,0.2101425975561142,0.5417741537094116,0.53956139087677,0.7075749825412994
052,ControlPre,0.2869538462170966,4.4860667681824955,0.6049147612489307,79.8055191040039,4.00463,3.77559,4.35983,3.87847,0.22774875036819792,0.4436401202919656,0.32861112933983655,1.0712498426437378,0.31235072910785666,0.0,0.0010464940819872434,20.397737579493167,11.144667054697985,17.800478280501025,180,256,256,2.5075047818171776,10.597214678559329,10.759693543142085,19.174361169049746,13.010305354401963,27.428372624259335,27.848656007212256,43.10729004297547,1.0,1.0,1.0,0.8828252348945873,15.197951316833496,58.7899055480957,57.587120056152344,3010307.0,35.870133590698245,86.17275772094726,15.767895698547363,0.5719447623526657,122.0854263305664,309.12445068359375,301.81500244140625,16369.0,127.66331634521487,508.9559020996094,120.36100006103516,0.1541042431132369,58.634681701660156,636.6110229492188,636.2874755859375,42692.0,537.9849578857422,736.0735687255859,60.04219436645508,1.2731523107208869,45.7367057800293,999.2916870117188,1000.0093383789062,198485.0,910.933251953125,1081.8647216796874,52.1533317565918,0.19424016773700714,0.5087242722511292,0.5219957232475281,0.696499669544015
052,ExercisePre,0.24665879638469718,4.778719734579285,0.5944579927356832,95.24781799316406,3.8542699999999996,3.74075,4.04721,3.77485,0.1930981893220242,0.4755080163643083,0.33139379431366756,0.9448355436325073,0.277922546863556,0.0,0.0010151977119769115,23.076270332929816,10.858979435007942,17.853810333132635,180,256,256,2.443888339788761,10.45249452068033,9.773973185729544,16.42553669671954,15.938506010951535,30.792417736331323,32.79028396638328,51.63992815186698,1.0,1.0,1.0,1.0348385970920813,12.686756134033203,52.778751373291016,51.96168518066406,2927606.0,33.099968910217285,75.51643180847168,13.271771430969238,0.9626695952909778,133.80482482910156,313.2169494628906,308.650146484375,12083.0,128.15918579101563,514.9523071289062,126.28947448730469,0.11882679610235458,56.06519317626953,595.8043212890625,596.2970581054688,54608.0,500.8169204711914,688.9879974365234,57.04777908325195,1.9474622361324263,43.51424789428711,989.3204345703125,1000.0103759765625,199541.0,854.5672607421875,1066.2352294921875,60.881290435791016,0.19240304827690125,0.521120548248291,0.5187807083129883,0.698916777338992
054,ControlPre,0.29802447720614617,4.258169317773265,0.5840881990335695,108.50336456298828,3.83271,3.71774,4.04502,3.73537,0.2147608600797538,0.4407759945482638,0.34446314537198236,0.8803324699401855,0.28962653875350963,0.0,0.0007811425762647462,23.82447873142694,12.485399152208839,19.05802305894522,180,256,256,2.836738740154159,10.778999911383453,11.681081116257019,21.42750469723345,15.231650020442574,30.26960178005337,30.354757675378824,45.563021225640526,1.0,1.0,1.0,1.4167208931150332,14.378907203674316,52.955318450927734,51.33439636230469,3017655.0,31.37257442474365,80.1854438781738,15.394749641418457,-0.006846406096665092,127.16454315185547,336.9818115234375,334.30364990234375,14983.0,155.46237335205078,529.8389526367187,117.84394836425781,0.45654389225254155,57.629966735839844,665.4104614257812,664.3560180664062,33300.0,566.3446716308594,770.0757415771484,61.633365631103516,1.1478297690281476,42.40473937988281,1000.0614624023438,1000.015380859375,186190.0,924.119351196289,1075.4337158203125,46.66958236694336,0.210318922996521,0.5183640122413635,0.5361310243606567,0.7053870808992876
054,ExercisePre,0.25692623572408896,4.899638714870142,0.5750024417113333,111.49128723144531,3.689413333333333,3.60223,3.89221,3.5738,0.19321251102231157,0.4651430771119903,0.3416444118656981,0.816685140132904,0.2625608026981354,0.0,0.000961357857970096,25.23954350459108,12.026216332633375,19.3559454429253,180,256,256,2.3727572050855055,10.084641865620132,11.710348629225729,22.673646816971555,15.794639002880437,33.45442528812385,34.318007659699646,53.70495868809464,1.0,1.0,1.0,0.9855341382434588,12.198925971984863,48.68705368041992,47.91621017456055,3162428.0,29.80775470733643,70.50517501831054,12.729597091674805,0.40599558130775115,145.41445922851562,298.77484130859375,294.10308837890625,9136.0,123.04522705078125,494.6703414916992,123.94314575195312,0.310439219885732,58.04038619995117,623.66357421875,622.93603515625,38151.0,522.3628540039062,728.1742248535156,61.769954681396484,1.2595487462739872,38.83976364135742,997.2921142578125,1000.0098266601562,182314.0,919.4185455322265,1063.7267456054688,44.10437774658203,0.20978061854839325,0.5274969339370728,0.5326118469238281,0.7296406317694933
056,ExercisePre,0.35621414506798593,3.651128290806072,0.6353767530122317,60.66550064086914,3.9121366666666666,3.64518,4.3117,3.77953,0.18893166284414545,0.46641295683157125,0.34465538032428333,0.9579539895057678,0.3404605984687805,0.0,0.0010658062282639122,23.658693302130864,10.808483736335052,16.61946869970496,180,256,256,2.021863825771529,9.311353430078606,9.070944913036449,15.879617483259212,8.43099037647174,20.394266292088027,20.15478771897948,31.639106488378676,1.0,1.0,1.0,4.317932071438374,20.706851959228516,69.0152587890625,63.57537078857422,2649736.0,37.48703384399414,120.86156845092773,26.79012107849121,0.222978556354533,143.16250610351562,281.8985595703125,266.4777526855469,10601.0,99.03901672363281,510.29840087890625,131.79185485839844,-0.017569734802246995,69.24501037597656,647.4318237304688,644.6002197265625,43722.0,537.7812530517579,766.670556640625,69.22654724121094,1.0750565117519857,57.35881042480469,1001.8622436523438,1000.01513671875,205876.0,901.5870513916016,1106.1603088378906,62.974609375,0.20626884698867798,0.5291256904602051,0.5421068072319031,0.6868830538534547
058,ControlPre,0.2933661436132594,4.302262049919832,0.5957515292631237,90.22455596923828,4.110126666666667,3.97536,4.23291,4.12211,0.21727129909546444,0.44270642755070305,0.3400222733538325,0.8361632227897644,0.2938689053058624,0.0,0.0011869876654893353,23.88524881698231,12.721457028402957,19.86370508730834,180,256,256,2.6415150665140206,10.115703235378593,10.139244777309598,17.66051603003618,11.64264849044434,23.384433322768086,24.09544939706522,37.259266377983224,1.0,1.0,1.0,2.409224427953922,17.583511352539062,53.84501647949219,49.69857406616211,3133561.0,28.17641830444336,94.21373748779297,20.892005920410156,-0.2504609183900999,133.88543701171875,317.71441650390625,312.48248291015625,13042.0,139.68367614746094,512.2778320312499,118.29215240478516,0.31985555973925717,59.96965026855469,628.4130859375,627.625732421875,27870.0,528.1348052978516,731.9445129394531,62.043582916259766,0.8333820854085441,49.27788543701172,995.8399658203125,1000.0188598632812,175355.0,891.0916320800782,1081.421740722656,56.624393463134766,0.20166879892349243,0.5196388959884644,0.5435361266136169,0.7266891198541569
058,ExercisePre,0.271947223257786,4.469151677951823,0.5830175714898691,104.5616226196289,4.1191933333333335,3.89045,4.36394,4.10319,0.19335819540252747,0.4684699756928325,0.33817182890464004,0.7879089117050171,0.25930255651473977,0.0,0.0016343391032916832,25.684188683554087,12.185652955114483,19.303834545837947,180,256,256,2.618844703013041,10.46799128110354,9.615605977181094,15.759981947426699,13.514767640250794,27.258763595503325,28.51414595683541,44.768906634752106,1.0,1.0,1.0,1.8078310448914277,14.633859634399414,46.64576721191406,44.595184326171875,3203471.0,25.44497299194336,75.005126953125,15.805094718933105,0.875142101370693,121.7108383178711,310.5670471191406,301.8809814453125,13409.0,139.7668670654297,505.239306640625,115.26828002929688,0.14603725028862158,57.37763214111328,609.095947265625,608.8822631835938,43814.0,513.2102447509766,704.3197448730468,58.16543960571289,1.2018033506689534,48.988040924072266,989.212646484375,1000.0084228515625,182016.0,856.5211486816406,1072.333251953125,63.45220947265625,0.2025691717863083,0.5352903008460999,0.5466902256011963,0.7323295668502408
